Year,"Country of origin","Country of asylum","Refugees under UNHCR's mandate",Asylum-seekers,"Returned refugees","IDPs of concern to UNHCR","Returned IDPss","Stateless persons","Others of concern","Other people in need of international protection","Host Community"
2010,"Bolivia (Plurinational State of)",Argentina,5,0,0,0,0,0,0,,0
2010,Chile,Argentina,336,0,0,0,0,0,0,,0
2010,Colombia,Argentina,403,203,0,0,0,0,0,,0
2010,"Costa Rica",Argentina,6,0,0,0,0,0,0,,0
2010,Cuba,Argentina,338,29,0,0,0,0,0,,0
2010,"Dominican Rep.",Argentina,0,119,0,0,0,0,0,,0
2010,Ecuador,Argentina,13,5,0,0,0,0,0,,0
2010,Haiti,Argentina,47,36,0,0,0,0,0,,0
2010,Honduras,Argentina,0,5,0,0,0,0,0,,0
2010,Paraguay,Argentina,5,8,0,0,0,0,0,,0
2010,Peru,Argentina,585,0,0,0,0,0,0,,0
2010,"El Salvador",Argentina,6,5,0,0,0,0,0,,0
2010,"United States of America",Argentina,5,0,0,0,0,0,0,,0
2010,"Venezuela (Bolivarian Republic of)",Argentina,0,5,0,0,0,0,0,,0
2010,Cuba,Bahamas,27,0,0,0,0,0,0,,0
2010,Haiti,Bahamas,0,8,0,0,0,0,0,,0
2010,Chile,"Bolivia (Plurinational State of)",8,0,0,0,0,0,0,,0
2010,Colombia,"Bolivia (Plurinational State of)",127,33,0,0,0,0,0,,0
2010,Cuba,"Bolivia (Plurinational State of)",9,0,0,0,0,0,0,,0
2010,Honduras,"Bolivia (Plurinational State of)",0,5,0,0,0,0,0,,0
2010,Peru,"Bolivia (Plurinational State of)",515,5,0,0,0,0,0,,0
2010,Argentina,Brazil,11,0,0,0,0,0,0,,0
2010,"Bolivia (Plurinational State of)",Brazil,119,11,0,0,0,0,0,,0
2010,Chile,Brazil,21,0,0,0,0,0,0,,0
2010,Colombia,Brazil,602,16,7,0,0,0,0,,0
2010,Cuba,Brazil,133,29,0,0,0,0,0,,0
2010,Ecuador,Brazil,26,0,0,0,0,0,0,,0
2010,Haiti,Brazil,5,592,0,0,0,0,0,,0
2010,Paraguay,Brazil,7,0,0,0,0,0,0,,0
2010,Peru,Brazil,45,0,0,0,0,0,0,,0
2010,"El Salvador",Brazil,5,0,0,0,0,0,0,,0
2010,"United States of America",Brazil,0,7,0,0,0,0,0,,0
2010,Guatemala,Belize,0,5,0,0,0,0,0,,0
2010,Honduras,Belize,0,5,0,0,0,0,0,,0
2010,"El Salvador",Belize,134,21,0,0,0,0,0,,0
2010,"Antigua and Barbuda",Canada,28,27,0,0,0,0,0,,0
2010,Argentina,Canada,363,63,0,0,0,0,0,,0
2010,Barbados,Canada,29,63,0,0,0,0,0,,0
2010,Bahamas,Canada,5,28,0,0,0,0,0,,0
2010,"Bolivia (Plurinational State of)",Canada,165,28,0,0,0,0,0,,0
2010,Brazil,Canada,168,179,0,0,0,0,0,,0
2010,Belize,Canada,5,5,0,0,0,0,0,,0
2010,Chile,Canada,162,110,0,0,0,0,0,,0
2010,Colombia,Canada,16054,2692,0,0,0,0,0,,0
2010,"Costa Rica",Canada,320,74,0,0,0,0,0,,0
2010,Cuba,Canada,1821,264,0,0,0,0,0,,0
2010,Dominica,Canada,43,16,0,0,0,0,0,,0
2010,"Dominican Rep.",Canada,129,175,0,0,0,0,0,,0
2010,Ecuador,Canada,226,91,0,0,0,0,0,,0
2010,Grenada,Canada,325,63,0,0,0,0,0,,0
2010,Guatemala,Canada,678,619,0,0,0,0,0,,0
2010,Guyana,Canada,602,160,0,0,0,0,0,,0
2010,Haiti,Canada,2906,3936,0,0,0,0,0,,0
2010,Honduras,Canada,492,612,0,0,0,0,0,,0
2010,Jamaica,Canada,348,520,0,0,0,0,0,,0
2010,"Saint Lucia",Canada,328,683,0,0,0,0,0,,0
2010,Mexico,Canada,5281,9322,0,0,0,0,0,,0
2010,Nicaragua,Canada,132,87,0,0,0,0,0,,0
2010,Panama,Canada,45,41,0,0,0,0,0,,0
2010,Paraguay,Canada,40,11,0,0,0,0,0,,0
2010,Peru,Canada,2209,257,0,0,0,0,0,,0
2010,"El Salvador",Canada,912,1117,0,0,0,0,0,,0
2010,"Saint Kitts and Nevis",Canada,5,12,0,0,0,0,0,,0
2010,Suriname,Canada,10,5,0,0,0,0,0,,0
2010,"Trinidad and Tobago",Canada,192,141,0,0,0,0,0,,0
2010,Uruguay,Canada,147,44,0,0,0,0,0,,0
2010,"United States of America",Canada,2637,818,0,0,0,0,0,,0
2010,"Saint Vincent and the Grenadines",Canada,941,1047,0,0,0,0,0,,0
2010,"Venezuela (Bolivarian Republic of)",Canada,680,354,0,0,0,0,0,,0
2010,"Bolivia (Plurinational State of)",Chile,0,5,0,0,0,0,0,,0
2010,Colombia,Chile,884,246,0,0,0,0,0,,0
2010,Cuba,Chile,18,10,0,0,0,0,0,,0
2010,Ecuador,Chile,17,0,0,0,0,0,0,,0
2010,Peru,Chile,117,0,0,0,0,0,0,,0
2010,Colombia,Colombia,0,0,0,3672054,0,0,0,,0
2010,Cuba,Colombia,58,68,0,0,0,0,0,,0
2010,Nicaragua,Colombia,24,0,0,0,0,0,0,,0
2010,Peru,Colombia,14,5,0,0,0,0,0,,0
2010,"El Salvador",Colombia,7,0,0,0,0,0,0,,0
2010,"Venezuela (Bolivarian Republic of)",Colombia,17,7,0,0,0,0,0,,0
2010,"Bolivia (Plurinational State of)","Costa Rica",8,0,0,0,0,0,0,,0
2010,Colombia,"Costa Rica",10214,296,20,0,0,0,0,,0
2010,Cuba,"Costa Rica",722,40,0,0,0,0,0,,0
2010,"Dominican Rep.","Costa Rica",6,0,0,0,0,0,0,,0
2010,Guatemala,"Costa Rica",32,5,0,0,0,0,0,,0
2010,Haiti,"Costa Rica",38,0,0,0,0,0,0,,0
2010,Honduras,"Costa Rica",13,14,0,0,0,0,0,,0
2010,Mexico,"Costa Rica",7,0,0,0,0,0,0,,0
2010,Nicaragua,"Costa Rica",597,7,20,0,0,0,0,,0
2010,Panama,"Costa Rica",18,0,0,0,0,0,0,,0
2010,Peru,"Costa Rica",228,0,0,0,0,0,0,,0
2010,"El Salvador","Costa Rica",100,0,0,0,0,0,0,,0
2010,"United States of America","Costa Rica",0,5,0,0,0,0,0,,0
2010,"Venezuela (Bolivarian Republic of)","Costa Rica",217,0,0,0,0,0,0,,0
2010,Colombia,Cuba,5,0,0,0,0,0,0,,0
2010,Haiti,"Dominican Rep.",595,1750,0,0,0,0,0,,0
2010,Argentina,Ecuador,5,11,0,0,0,0,0,,0
2010,"Bolivia (Plurinational State of)",Ecuador,0,17,0,0,0,0,0,,0
2010,Brazil,Ecuador,0,11,0,0,0,0,0,,0
2010,Canada,Ecuador,0,5,0,0,0,0,0,,0
2010,Chile,Ecuador,5,31,0,0,0,0,0,,0
2010,Colombia,Ecuador,120403,39744,0,0,0,0,0,,0
2010,Cuba,Ecuador,244,3528,0,0,0,0,0,,0
2010,"Dominican Rep.",Ecuador,5,64,0,0,0,0,0,,0
2010,Haiti,Ecuador,22,639,0,0,0,0,0,,0
2010,Honduras,Ecuador,0,5,0,0,0,0,0,,0
2010,Mexico,Ecuador,0,11,0,0,0,0,0,,0
2010,Peru,Ecuador,97,4443,0,0,0,0,0,,0
2010,"El Salvador",Ecuador,5,0,0,0,0,0,0,,0
2010,Uruguay,Ecuador,0,5,0,0,0,0,0,,0
2010,"United States of America",Ecuador,5,14,0,0,0,0,0,,0
2010,"Venezuela (Bolivarian Republic of)",Ecuador,5,60,0,0,0,0,0,,0
2010,Colombia,Guatemala,5,0,0,0,0,0,0,,0
2010,Nicaragua,Guatemala,104,0,0,0,0,0,0,,0
2010,"El Salvador",Guatemala,28,0,0,0,0,0,0,,0
2010,Cuba,Haiti,0,5,0,0,0,0,0,,0
2010,Haiti,Honduras,6,0,0,0,0,0,0,,0
2010,Haiti,Jamaica,19,0,0,0,0,0,0,,0
2010,Colombia,Mexico,233,30,0,0,0,0,0,,0
2010,Cuba,Mexico,30,6,0,0,0,0,0,,0
2010,Ecuador,Mexico,0,5,0,0,0,0,0,,0
2010,Guatemala,Mexico,289,24,0,0,0,0,0,,0
2010,Haiti,Mexico,182,0,0,0,0,0,0,,0
2010,Honduras,Mexico,69,18,0,0,0,0,0,,0
2010,Nicaragua,Mexico,13,0,0,0,0,0,0,,0
2010,Peru,Mexico,10,5,0,0,0,0,0,,0
2010,"El Salvador",Mexico,241,27,0,0,0,0,0,,0
2010,"United States of America",Mexico,0,5,0,0,0,0,0,,0
2010,"Venezuela (Bolivarian Republic of)",Mexico,9,0,0,0,0,0,0,,0
2010,Colombia,Nicaragua,6,0,0,0,0,0,0,,0
2010,Cuba,Nicaragua,6,0,0,0,0,0,0,,0
2010,Guatemala,Nicaragua,5,0,0,0,0,0,0,,0
2010,Honduras,Nicaragua,28,5,0,0,0,0,0,,0
2010,"El Salvador",Nicaragua,14,0,0,0,0,0,0,,0
2010,Colombia,Panama,15432,217,5,0,0,0,0,,0
2010,Cuba,Panama,1093,21,0,0,0,0,0,,0
2010,Ecuador,Panama,0,5,0,0,0,0,0,,0
2010,Guatemala,Panama,11,0,0,0,0,0,0,,0
2010,Haiti,Panama,11,0,0,0,0,0,0,,0
2010,Nicaragua,Panama,172,8,0,0,0,0,0,,0
2010,Peru,Panama,21,0,0,0,0,0,0,,0
2010,"El Salvador",Panama,269,5,0,0,0,0,0,,0
2010,"Venezuela (Bolivarian Republic of)",Panama,5,0,0,0,0,0,0,,0
2010,Colombia,Paraguay,31,0,0,0,0,0,0,,0
2010,Cuba,Paraguay,52,0,0,0,0,0,0,,0
2010,"Bolivia (Plurinational State of)",Peru,0,5,0,0,0,0,0,,0
2010,Colombia,Peru,307,143,0,0,0,0,0,,0
2010,Cuba,Peru,593,75,0,0,0,0,0,,0
2010,Ecuador,Peru,5,0,0,0,0,0,0,,0
2010,Haiti,Peru,10,5,0,0,0,0,0,,0
2010,"Venezuela (Bolivarian Republic of)",Peru,13,9,0,0,0,0,0,,0
2010,Colombia,"El Salvador",5,0,0,0,0,0,0,,0
2010,Honduras,"El Salvador",7,18,0,0,0,0,0,,0
2010,Nicaragua,"El Salvador",27,0,0,0,0,0,0,,0
2010,Colombia,"Trinidad and Tobago",5,0,0,0,0,0,0,,0
2010,Cuba,"Trinidad and Tobago",0,5,0,0,0,0,0,,0
2010,Haiti,"Trinidad and Tobago",5,0,0,0,0,0,0,,0
2010,Argentina,Uruguay,0,5,0,0,0,0,0,,0
2010,Colombia,Uruguay,82,17,0,0,0,0,0,,0
2010,Cuba,Uruguay,6,5,0,0,0,0,0,,0
2010,Ecuador,Uruguay,7,0,0,0,0,0,0,,0
2010,Peru,Uruguay,8,0,0,0,0,0,0,,0
2010,Argentina,"United States of America",137,5,0,0,0,0,0,,0
2010,Bahamas,"United States of America",12,0,0,0,0,0,0,,0
2010,"Bolivia (Plurinational State of)","United States of America",107,8,0,0,0,0,0,,0
2010,Brazil,"United States of America",628,31,0,0,0,0,0,,0
2010,Belize,"United States of America",16,5,0,0,0,0,0,,0
2010,Canada,"United States of America",40,0,0,0,0,0,0,,0
2010,Chile,"United States of America",81,5,0,0,0,0,0,,0
2010,Colombia,"United States of America",25607,165,0,0,0,0,0,,0
2010,"Costa Rica","United States of America",17,0,0,0,0,0,0,,0
2010,Cuba,"United States of America",858,10,0,0,0,0,0,,0
2010,Dominica,"United States of America",8,0,0,0,0,0,0,,0
2010,"Dominican Rep.","United States of America",44,0,0,0,0,0,0,,0
2010,Ecuador,"United States of America",148,60,0,0,0,0,0,,0
2010,Grenada,"United States of America",14,0,0,0,0,0,0,,0
2010,Guatemala,"United States of America",4621,362,0,0,0,0,0,,0
2010,Guyana,"United States of America",137,0,0,0,0,0,0,,0
2010,Haiti,"United States of America",18487,199,0,0,0,0,0,,0
2010,Honduras,"United States of America",635,100,0,0,0,0,0,,0
2010,Jamaica,"United States of America",210,27,0,0,0,0,0,,0
2010,"Saint Lucia","United States of America",6,0,0,0,0,0,0,,0
2010,Mexico,"United States of America",1476,597,0,0,0,0,0,,0
2010,Nicaragua,"United States of America",340,13,0,0,0,0,0,,0
2010,Panama,"United States of America",31,5,0,0,0,0,0,,0
2010,Paraguay,"United States of America",27,0,0,0,0,0,0,,0
2010,Peru,"United States of America",1350,24,0,0,0,0,0,,0
2010,"El Salvador","United States of America",3169,319,0,0,0,0,0,,0
2010,"Saint Kitts and Nevis","United States of America",5,0,0,0,0,0,0,,0
2010,Suriname,"United States of America",9,0,0,0,0,0,0,,0
2010,"Trinidad and Tobago","United States of America",53,5,0,0,0,0,0,,0
2010,Uruguay,"United States of America",18,0,0,0,0,0,0,,0
2010,"Saint Vincent and the Grenadines","United States of America",5,0,0,0,0,0,0,,0
2010,"Venezuela (Bolivarian Republic of)","United States of America",5675,135,0,0,0,0,0,,0
2010,"Bolivia (Plurinational State of)","Venezuela (Bolivarian Republic of)",0,5,0,0,0,0,0,,0
2010,Colombia,"Venezuela (Bolivarian Republic of)",201467,15694,0,0,0,0,0,,0
2010,Cuba,"Venezuela (Bolivarian Republic of)",0,14,0,0,0,0,0,,0
2010,Ecuador,"Venezuela (Bolivarian Republic of)",5,13,0,0,0,0,0,,0
2010,Guatemala,"Venezuela (Bolivarian Republic of)",5,0,0,0,0,0,0,,0
2010,Haiti,"Venezuela (Bolivarian Republic of)",15,8,0,0,0,0,0,,0
2010,Nicaragua,"Venezuela (Bolivarian Republic of)",5,0,0,0,0,0,0,,0
2010,Peru,"Venezuela (Bolivarian Republic of)",7,15,0,0,0,0,0,,0
2010,Jamaica,"Curacao ",7,0,0,0,0,0,0,,0
2011,"Bolivia (Plurinational State of)",Argentina,5,5,0,0,0,0,0,,0
2011,Chile,Argentina,336,8,0,0,0,0,0,,0
2011,Colombia,Argentina,456,486,0,0,0,0,0,,0
2011,"Costa Rica",Argentina,6,0,0,0,0,0,0,,0
2011,Cuba,Argentina,340,79,0,0,0,0,0,,0
2011,"Dominican Rep.",Argentina,0,150,0,0,0,0,0,,0
2011,Ecuador,Argentina,13,5,0,0,0,0,0,,0
2011,Haiti,Argentina,57,29,0,0,0,0,0,,0
2011,Honduras,Argentina,0,10,0,0,0,0,0,,0
2011,Mexico,Argentina,0,5,0,0,0,0,0,,0
2011,Paraguay,Argentina,5,10,0,0,0,0,0,,0
2011,Peru,Argentina,582,29,0,0,0,0,0,,0
2011,"El Salvador",Argentina,10,12,0,0,0,0,0,,0
2011,"United States of America",Argentina,5,0,0,0,0,0,0,,0
2011,"Venezuela (Bolivarian Republic of)",Argentina,0,7,0,0,0,0,0,,0
2011,Cuba,Bahamas,27,0,0,0,0,0,0,,0
2011,Haiti,Bahamas,0,8,0,0,0,0,0,,0
2011,Chile,"Bolivia (Plurinational State of)",8,0,0,0,0,0,0,,0
2011,Colombia,"Bolivia (Plurinational State of)",148,17,0,0,0,0,0,,0
2011,Cuba,"Bolivia (Plurinational State of)",9,0,0,0,0,0,0,,0
2011,Peru,"Bolivia (Plurinational State of)",515,0,0,0,0,0,0,,0
2011,Argentina,Brazil,11,0,0,0,0,0,0,,0
2011,"Bolivia (Plurinational State of)",Brazil,120,21,0,0,0,0,0,,0
2011,Chile,Brazil,21,0,0,0,0,0,0,,0
2011,Colombia,Brazil,654,106,5,0,0,0,0,,0
2011,Cuba,Brazil,133,42,0,0,0,0,0,,0
2011,Ecuador,Brazil,26,0,0,0,0,0,0,,0
2011,Haiti,Brazil,5,3872,0,0,0,0,0,,0
2011,Paraguay,Brazil,7,6,0,0,0,0,0,,0
2011,Peru,Brazil,45,10,0,0,0,0,0,,0
2011,"El Salvador",Brazil,5,0,0,0,0,0,0,,0
2011,"Venezuela (Bolivarian Republic of)",Brazil,5,5,0,0,0,0,0,,0
2011,Guatemala,Belize,0,12,0,0,0,0,0,,0
2011,Honduras,Belize,0,5,0,0,0,0,0,,0
2011,"El Salvador",Belize,78,39,0,0,0,0,0,,0
2011,"Antigua and Barbuda",Canada,27,32,0,0,0,0,0,,0
2011,Argentina,Canada,312,38,0,0,0,0,0,,0
2011,Barbados,Canada,42,73,0,0,0,0,0,,0
2011,Bermuda,Canada,0,5,0,0,0,0,0,,0
2011,Bahamas,Canada,10,35,0,0,0,0,0,,0
2011,"Bolivia (Plurinational State of)",Canada,159,22,0,0,0,0,0,,0
2011,Brazil,Canada,169,95,0,0,0,0,0,,0
2011,Belize,Canada,5,9,0,0,0,0,0,,0
2011,Chile,Canada,134,78,0,0,0,0,0,,0
2011,Colombia,Canada,17243,1882,0,0,0,0,0,,0
2011,"Costa Rica",Canada,289,34,0,0,0,0,0,,0
2011,Cuba,Canada,1739,198,0,0,0,0,0,,0
2011,Dominica,Canada,39,6,0,0,0,0,0,,0
2011,"Dominican Rep.",Canada,134,174,0,0,0,0,0,,0
2011,Ecuador,Canada,229,61,0,0,0,0,0,,0
2011,Grenada,Canada,303,36,0,0,0,0,0,,0
2011,Guatemala,Canada,707,480,0,0,0,0,0,,0
2011,Guyana,Canada,626,85,0,0,0,0,0,,0
2011,Haiti,Canada,4963,1369,0,0,0,0,0,,0
2011,Honduras,Canada,538,499,0,0,0,0,0,,0
2011,Jamaica,Canada,408,417,0,0,0,0,0,,0
2011,"Saint Lucia",Canada,423,679,0,0,0,0,0,,0
2011,Mexico,Canada,5574,3997,0,0,0,0,0,,0
2011,Nicaragua,Canada,119,76,0,0,0,0,0,,0
2011,Panama,Canada,45,31,0,0,0,0,0,,0
2011,Paraguay,Canada,44,6,0,0,0,0,0,,0
2011,Peru,Canada,2048,241,0,0,0,0,0,,0
2011,"El Salvador",Canada,1023,830,0,0,0,0,0,,0
2011,"Saint Kitts and Nevis",Canada,7,14,0,0,0,0,0,,0
2011,Suriname,Canada,10,0,0,0,0,0,0,,0
2011,"Turks and Caicos Islands",Canada,0,6,0,0,0,0,0,,0
2011,"Trinidad and Tobago",Canada,221,67,0,0,0,0,0,,0
2011,Uruguay,Canada,147,41,0,0,0,0,0,,0
2011,"United States of America",Canada,3384,541,0,0,0,0,0,,0
2011,"Saint Vincent and the Grenadines",Canada,1121,905,0,0,0,0,0,,0
2011,"Venezuela (Bolivarian Republic of)",Canada,742,252,0,0,0,0,0,,0
2011,"Bolivia (Plurinational State of)",Chile,0,7,0,0,0,0,0,,0
2011,Colombia,Chile,924,318,0,0,0,0,0,,0
2011,"Costa Rica",Chile,5,0,0,0,0,0,0,,0
2011,Cuba,Chile,18,16,0,0,0,0,0,,0
2011,Ecuador,Chile,18,0,0,0,0,0,0,,0
2011,Peru,Chile,117,5,0,0,0,0,0,,0
2011,"El Salvador",Chile,5,0,0,0,0,0,0,,0
2011,"Bolivia (Plurinational State of)",Colombia,5,0,0,0,0,0,0,,0
2011,Colombia,Colombia,0,0,0,3888309,0,0,0,,0
2011,Cuba,Colombia,58,44,0,0,0,0,0,,0
2011,Ecuador,Colombia,0,5,0,0,0,0,0,,0
2011,Nicaragua,Colombia,24,0,0,0,0,0,0,,0
2011,Peru,Colombia,14,0,0,0,0,0,0,,0
2011,"El Salvador",Colombia,7,0,0,0,0,0,0,,0
2011,"Venezuela (Bolivarian Republic of)",Colombia,17,5,0,0,0,0,0,,0
2011,"Bolivia (Plurinational State of)","Costa Rica",8,0,0,0,0,0,0,,0
2011,Colombia,"Costa Rica",10297,325,0,0,0,0,0,,0
2011,Cuba,"Costa Rica",777,42,5,0,0,0,0,,0
2011,"Dominican Rep.","Costa Rica",6,0,0,0,0,0,0,,0
2011,Guatemala,"Costa Rica",36,0,0,0,0,0,0,,0
2011,Haiti,"Costa Rica",38,0,0,0,0,0,0,,0
2011,Honduras,"Costa Rica",44,11,0,0,0,0,0,,0
2011,Mexico,"Costa Rica",8,0,0,0,0,0,0,,0
2011,Nicaragua,"Costa Rica",598,5,0,0,0,0,0,,0
2011,Panama,"Costa Rica",18,0,0,0,0,0,0,,0
2011,Peru,"Costa Rica",228,0,0,0,0,0,0,,0
2011,"El Salvador","Costa Rica",108,44,0,0,0,0,0,,0
2011,"Venezuela (Bolivarian Republic of)","Costa Rica",221,9,0,0,0,0,0,,0
2011,Colombia,Cuba,5,0,0,0,0,0,0,,0
2011,Haiti,"Dominican Rep.",595,1771,0,0,0,0,0,,0
2011,"Bolivia (Plurinational State of)",Ecuador,0,5,0,0,0,0,0,,0
2011,Brazil,Ecuador,0,5,0,0,0,0,0,,0
2011,Chile,Ecuador,5,7,0,0,0,0,0,,0
2011,Colombia,Ecuador,122587,20823,18,0,0,0,0,,0
2011,Cuba,Ecuador,240,148,0,0,0,0,0,,0
2011,"Dominican Rep.",Ecuador,5,7,0,0,0,0,0,,0
2011,Haiti,Ecuador,24,101,0,0,0,0,0,,0
2011,Peru,Ecuador,97,140,0,0,0,0,0,,0
2011,"El Salvador",Ecuador,5,0,0,0,0,0,0,,0
2011,"United States of America",Ecuador,5,5,0,0,0,0,0,,0
2011,"Venezuela (Bolivarian Republic of)",Ecuador,5,11,0,0,0,0,0,,0
2011,Colombia,Guatemala,5,5,0,0,0,0,0,,0
2011,Honduras,Guatemala,5,0,0,0,0,0,0,,0
2011,Nicaragua,Guatemala,104,0,0,0,0,0,0,,0
2011,"El Salvador",Guatemala,34,0,0,0,0,0,0,,0
2011,Cuba,Haiti,0,6,0,0,0,0,0,,0
2011,Colombia,Honduras,5,0,0,0,0,0,0,,0
2011,Haiti,Honduras,6,0,0,0,0,0,0,,0
2011,Haiti,Jamaica,19,0,0,0,0,0,0,,0
2011,Argentina,Mexico,0,6,0,0,0,0,0,,0
2011,Colombia,Mexico,252,51,0,0,0,0,0,,0
2011,Cuba,Mexico,33,49,0,0,0,0,0,,0
2011,"Dominican Rep.",Mexico,0,5,0,0,0,0,0,,0
2011,Ecuador,Mexico,0,5,0,0,0,0,0,,0
2011,Guatemala,Mexico,326,55,0,0,0,0,0,,0
2011,Haiti,Mexico,191,30,0,0,0,0,0,,0
2011,Honduras,Mexico,108,147,0,0,0,0,0,,0
2011,Nicaragua,Mexico,14,6,0,0,0,0,0,,0
2011,Peru,Mexico,14,0,0,0,0,0,0,,0
2011,"El Salvador",Mexico,319,130,0,0,0,0,0,,0
2011,"United States of America",Mexico,0,8,0,0,0,0,0,,0
2011,"Venezuela (Bolivarian Republic of)",Mexico,10,5,0,0,0,0,0,,0
2011,Colombia,Nicaragua,8,0,0,0,0,0,0,,0
2011,Cuba,Nicaragua,6,0,0,0,0,0,0,,0
2011,Guatemala,Nicaragua,5,0,0,0,0,0,0,,0
2011,Honduras,Nicaragua,31,0,0,0,0,0,0,,0
2011,"El Salvador",Nicaragua,30,5,0,0,0,0,0,,0
2011,Colombia,Panama,15598,475,0,0,0,0,0,,0
2011,Cuba,Panama,1099,38,0,0,0,0,0,,0
2011,Guatemala,Panama,12,5,0,0,0,0,0,,0
2011,Haiti,Panama,13,8,0,0,0,0,0,,0
2011,Nicaragua,Panama,172,13,0,0,0,0,0,,0
2011,Peru,Panama,21,5,0,0,0,0,0,,0
2011,"El Salvador",Panama,269,5,0,0,0,0,0,,0
2011,"Venezuela (Bolivarian Republic of)",Panama,11,0,0,0,0,0,0,,0
2011,"Bolivia (Plurinational State of)",Paraguay,6,0,0,0,0,0,0,,0
2011,Colombia,Paraguay,40,0,0,0,0,0,0,,0
2011,Cuba,Paraguay,54,5,0,0,0,0,0,,0
2011,"Bolivia (Plurinational State of)",Peru,5,5,0,0,0,0,0,,0
2011,Colombia,Peru,308,253,0,0,0,0,0,,0
2011,Cuba,Peru,596,117,0,0,0,0,0,,0
2011,Ecuador,Peru,5,0,0,0,0,0,0,,0
2011,Haiti,Peru,15,72,0,0,0,0,0,,0
2011,"Venezuela (Bolivarian Republic of)",Peru,16,5,0,0,0,0,0,,0
2011,Colombia,"El Salvador",5,0,0,0,0,0,0,,0
2011,Honduras,"El Salvador",8,5,0,0,0,0,0,,0
2011,Nicaragua,"El Salvador",26,0,0,0,0,0,0,,0
2011,Colombia,"Trinidad and Tobago",5,5,0,0,0,0,0,,0
2011,Cuba,"Trinidad and Tobago",5,0,0,0,0,0,0,,0
2011,Argentina,Uruguay,0,5,0,0,0,0,0,,0
2011,Colombia,Uruguay,86,27,0,0,0,0,0,,0
2011,Cuba,Uruguay,6,5,0,0,0,0,0,,0
2011,Ecuador,Uruguay,7,0,0,0,0,0,0,,0
2011,Peru,Uruguay,8,0,0,0,0,0,0,,0
2011,"Antigua and Barbuda","United States of America",5,0,0,0,0,0,0,,0
2011,Argentina,"United States of America",142,0,0,0,0,0,0,,0
2011,Bahamas,"United States of America",174,0,0,0,0,0,0,,0
2011,"Bolivia (Plurinational State of)","United States of America",120,19,0,0,0,0,0,,0
2011,Brazil,"United States of America",662,36,0,0,0,0,0,,0
2011,Belize,"United States of America",24,0,0,0,0,0,0,,0
2011,Canada,"United States of America",55,0,0,0,0,0,0,,0
2011,Chile,"United States of America",74,6,0,0,0,0,0,,0
2011,Colombia,"United States of America",22004,177,0,0,0,0,0,,0
2011,"Costa Rica","United States of America",19,5,0,0,0,0,0,,0
2011,Cuba,"United States of America",731,18,0,0,0,0,0,,0
2011,Dominica,"United States of America",10,5,0,0,0,0,0,,0
2011,"Dominican Rep.","United States of America",49,11,0,0,0,0,0,,0
2011,Ecuador,"United States of America",168,141,0,0,0,0,0,,0
2011,Grenada,"United States of America",17,9,0,0,0,0,0,,0
2011,Guatemala,"United States of America",4940,543,0,0,0,0,0,,0
2011,Guyana,"United States of America",134,7,0,0,0,0,0,,0
2011,Haiti,"United States of America",24013,161,0,0,0,0,0,,0
2011,Honduras,"United States of America",1174,150,0,0,0,0,0,,0
2011,Jamaica,"United States of America",277,32,0,0,0,0,0,,0
2011,"Saint Lucia","United States of America",9,0,0,0,0,0,0,,0
2011,Mexico,"United States of America",1829,1311,0,0,0,0,0,,0
2011,Nicaragua,"United States of America",383,19,0,0,0,0,0,,0
2011,Panama,"United States of America",30,0,0,0,0,0,0,,0
2011,Paraguay,"United States of America",28,0,0,0,0,0,0,,0
2011,Peru,"United States of America",1204,32,0,0,0,0,0,,0
2011,"El Salvador","United States of America",4706,494,0,0,0,0,0,,0
2011,Suriname,"United States of America",7,0,0,0,0,0,0,,0
2011,"Turks and Caicos Islands","United States of America",14,0,0,0,0,0,0,,0
2011,"Trinidad and Tobago","United States of America",56,17,0,0,0,0,0,,0
2011,Uruguay,"United States of America",17,0,0,0,0,0,0,,0
2011,"Saint Vincent and the Grenadines","United States of America",5,0,0,0,0,0,0,,0
2011,"Venezuela (Bolivarian Republic of)","United States of America",6441,241,0,0,0,0,0,,0
2011,"Bolivia (Plurinational State of)","Venezuela (Bolivarian Republic of)",0,5,0,0,0,0,0,,0
2011,Colombia,"Venezuela (Bolivarian Republic of)",201941,17192,0,0,0,0,0,,0
2011,Cuba,"Venezuela (Bolivarian Republic of)",0,14,0,0,0,0,0,,0
2011,Ecuador,"Venezuela (Bolivarian Republic of)",5,14,0,0,0,0,0,,0
2011,Guatemala,"Venezuela (Bolivarian Republic of)",5,0,0,0,0,0,0,,0
2011,Haiti,"Venezuela (Bolivarian Republic of)",15,9,0,0,0,0,0,,0
2011,Nicaragua,"Venezuela (Bolivarian Republic of)",5,0,0,0,0,0,0,,0
2011,Peru,"Venezuela (Bolivarian Republic of)",7,14,0,0,0,0,0,,0
2011,"United States of America","Venezuela (Bolivarian Republic of)",0,5,0,0,0,0,0,,0
2011,Colombia,Aruba,0,5,0,0,0,0,0,,0
2011,Colombia,"Curacao ",0,5,0,0,0,0,0,,0
2011,Jamaica,"Curacao ",6,0,0,0,0,0,0,,0
2012,"Bolivia (Plurinational State of)",Argentina,5,0,0,0,0,0,0,,0
2012,Chile,Argentina,336,7,0,0,0,0,0,,0
2012,Colombia,Argentina,497,510,0,0,0,0,0,,0
2012,"Costa Rica",Argentina,6,0,0,0,0,0,0,,0
2012,Cuba,Argentina,340,97,0,0,0,0,0,,0
2012,"Dominican Rep.",Argentina,0,201,0,0,0,0,0,,0
2012,Ecuador,Argentina,15,5,0,0,0,0,0,,0
2012,Haiti,Argentina,58,22,0,0,0,0,0,,0
2012,Honduras,Argentina,0,10,0,0,0,0,0,,0
2012,Mexico,Argentina,0,5,0,0,0,0,0,,0
2012,Paraguay,Argentina,5,13,0,0,0,0,0,,0
2012,Peru,Argentina,582,31,0,0,0,0,0,,0
2012,"El Salvador",Argentina,10,14,0,0,0,0,0,,0
2012,"United States of America",Argentina,5,0,0,0,0,0,0,,0
2012,"Venezuela (Bolivarian Republic of)",Argentina,0,5,0,0,0,0,0,,0
2012,Cuba,Bahamas,36,0,0,0,0,0,0,,0
2012,Haiti,Bahamas,0,8,0,0,0,0,0,,0
2012,Chile,"Bolivia (Plurinational State of)",8,0,0,0,0,0,0,,0
2012,Colombia,"Bolivia (Plurinational State of)",168,8,0,0,0,0,0,,0
2012,Cuba,"Bolivia (Plurinational State of)",9,0,0,0,0,0,0,,0
2012,Peru,"Bolivia (Plurinational State of)",511,0,0,0,0,0,0,,0
2012,Argentina,Brazil,11,0,0,0,0,0,0,,0
2012,"Bolivia (Plurinational State of)",Brazil,127,24,0,0,0,0,0,,0
2012,Chile,Brazil,21,0,0,0,0,0,0,,0
2012,Colombia,Brazil,742,243,0,0,0,0,0,,0
2012,Cuba,Brazil,134,46,0,0,0,0,0,,0
2012,"Dominican Rep.",Brazil,0,6,0,0,0,0,0,,0
2012,Ecuador,Brazil,27,8,0,0,0,0,0,,0
2012,Haiti,Brazil,5,0,0,0,0,0,5580,,0
2012,Mexico,Brazil,0,5,0,0,0,0,0,,0
2012,Paraguay,Brazil,7,5,0,0,0,0,0,,0
2012,Peru,Brazil,45,7,0,0,0,0,0,,0
2012,"El Salvador",Brazil,5,0,0,0,0,0,0,,0
2012,"Venezuela (Bolivarian Republic of)",Brazil,5,5,0,0,0,0,0,,0
2012,Guatemala,Belize,0,11,0,0,0,0,0,,0
2012,Honduras,Belize,0,14,0,0,0,0,0,,0
2012,"El Salvador",Belize,27,50,0,0,0,0,0,,0
2012,"Antigua and Barbuda",Canada,40,30,0,0,0,0,0,,0
2012,Argentina,Canada,258,19,0,0,0,0,0,,0
2012,Barbados,Canada,50,56,0,0,0,0,0,,0
2012,Bermuda,Canada,0,5,0,0,0,0,0,,0
2012,Bahamas,Canada,15,32,0,0,0,0,0,,0
2012,"Bolivia (Plurinational State of)",Canada,160,17,0,0,0,0,0,,0
2012,Brazil,Canada,175,73,0,0,0,0,0,,0
2012,Belize,Canada,6,0,0,0,0,0,0,,0
2012,Chile,Canada,124,32,0,0,0,0,0,,0
2012,Colombia,Canada,17563,1254,0,0,0,0,0,,0
2012,"Costa Rica",Canada,282,18,0,0,0,0,0,,0
2012,Cuba,Canada,1708,166,0,0,0,0,0,,0
2012,Dominica,Canada,41,7,0,0,0,0,0,,0
2012,"Dominican Rep.",Canada,148,102,0,0,0,0,0,,0
2012,Ecuador,Canada,216,41,0,0,0,0,0,,0
2012,Grenada,Canada,292,28,0,0,0,0,0,,0
2012,Guatemala,Canada,770,294,0,0,0,0,0,,0
2012,Guyana,Canada,638,55,0,0,0,0,0,,0
2012,Haiti,Canada,6798,561,0,0,0,0,0,,0
2012,Honduras,Canada,596,414,0,0,0,0,0,,0
2012,Jamaica,Canada,504,326,0,0,0,0,0,,0
2012,"Saint Lucia",Canada,551,512,0,0,0,0,0,,0
2012,Mexico,Canada,5995,1372,0,0,0,0,0,,0
2012,Nicaragua,Canada,138,54,0,0,0,0,0,,0
2012,Panama,Canada,47,26,0,0,0,0,0,,0
2012,Paraguay,Canada,48,5,0,0,0,0,0,,0
2012,Peru,Canada,1905,178,0,0,0,0,0,,0
2012,"El Salvador",Canada,1122,631,0,0,0,0,0,,0
2012,"Saint Kitts and Nevis",Canada,10,20,0,0,0,0,0,,0
2012,Suriname,Canada,9,0,0,0,0,0,0,,0
2012,"Turks and Caicos Islands",Canada,0,9,0,0,0,0,0,,0
2012,"Trinidad and Tobago",Canada,241,46,0,0,0,0,0,,0
2012,Uruguay,Canada,139,28,0,0,0,0,0,,0
2012,"United States of America",Canada,4045,363,0,0,0,0,0,,0
2012,"Saint Vincent and the Grenadines",Canada,1305,486,0,0,0,0,0,,0
2012,"Venezuela (Bolivarian Republic of)",Canada,797,175,0,0,0,0,0,,0
2012,"Bolivia (Plurinational State of)",Chile,0,11,0,0,0,0,0,,0
2012,Colombia,Chile,942,287,0,0,0,0,0,,0
2012,"Costa Rica",Chile,5,0,0,0,0,0,0,,0
2012,Cuba,Chile,18,18,0,0,0,0,0,,0
2012,Ecuador,Chile,18,0,0,0,0,0,0,,0
2012,Mexico,Chile,0,5,0,0,0,0,0,,0
2012,Peru,Chile,117,5,0,0,0,0,0,,0
2012,"El Salvador",Chile,5,0,0,0,0,0,0,,0
2012,Colombia,Colombia,0,0,0,3943509,0,0,0,,0
2012,Cuba,Colombia,60,56,0,0,0,0,0,,0
2012,Ecuador,Colombia,5,5,0,0,0,0,0,,0
2012,Nicaragua,Colombia,24,0,0,0,0,0,0,,0
2012,Peru,Colombia,8,0,0,0,0,0,0,,0
2012,"El Salvador",Colombia,7,0,0,0,0,0,0,,0
2012,"Venezuela (Bolivarian Republic of)",Colombia,17,9,0,0,0,0,0,,0
2012,"Bolivia (Plurinational State of)","Costa Rica",8,0,0,0,0,0,0,,0
2012,Colombia,"Costa Rica",10305,356,5,0,0,0,0,,0
2012,Cuba,"Costa Rica",818,56,0,0,0,0,0,,0
2012,"Dominican Rep.","Costa Rica",6,0,0,0,0,0,0,,0
2012,Ecuador,"Costa Rica",0,5,0,0,0,0,0,,0
2012,Guatemala,"Costa Rica",36,27,0,0,0,0,0,,0
2012,Haiti,"Costa Rica",38,0,0,0,0,0,0,,0
2012,Honduras,"Costa Rica",44,32,0,0,0,0,0,,0
2012,Mexico,"Costa Rica",8,5,0,0,0,0,0,,0
2012,Nicaragua,"Costa Rica",599,5,0,0,0,0,0,,0
2012,Panama,"Costa Rica",18,0,0,0,0,0,0,,0
2012,Peru,"Costa Rica",228,0,0,0,0,0,0,,0
2012,"El Salvador","Costa Rica",114,113,0,0,0,0,0,,0
2012,"Venezuela (Bolivarian Republic of)","Costa Rica",220,9,0,0,0,0,0,,0
2012,Cuba,"Dominican Rep.",0,7,0,0,0,0,0,,0
2012,Haiti,"Dominican Rep.",750,757,0,0,0,0,0,,0
2012,Brazil,Ecuador,5,0,0,0,0,0,0,,0
2012,Chile,Ecuador,5,0,0,0,0,0,0,,0
2012,Colombia,Ecuador,122964,14408,6,0,0,0,0,,0
2012,Cuba,Ecuador,230,27,0,0,0,0,0,,0
2012,"Dominican Rep.",Ecuador,5,5,0,0,0,0,0,,0
2012,Haiti,Ecuador,27,22,0,0,0,0,0,,0
2012,Peru,Ecuador,94,12,0,0,0,0,0,,0
2012,"El Salvador",Ecuador,5,0,0,0,0,0,0,,0
2012,"United States of America",Ecuador,6,0,0,0,0,0,0,,0
2012,"Venezuela (Bolivarian Republic of)",Ecuador,7,0,0,0,0,0,0,,0
2012,Colombia,Guatemala,7,0,0,0,0,0,0,,0
2012,Cuba,Guatemala,5,0,0,0,0,0,0,,0
2012,Honduras,Guatemala,5,5,0,0,0,0,0,,0
2012,Nicaragua,Guatemala,104,0,0,0,0,0,0,,0
2012,"El Salvador",Guatemala,36,0,0,0,0,0,0,,0
2012,Cuba,Haiti,0,11,0,0,0,0,0,,0
2012,Colombia,Honduras,5,0,0,0,0,0,0,,0
2012,Haiti,Honduras,6,0,0,0,0,0,0,,0
2012,Haiti,Jamaica,19,0,0,0,0,0,0,,0
2012,Colombia,Mexico,247,37,0,0,0,0,0,,0
2012,Cuba,Mexico,41,17,0,0,0,0,0,,0
2012,"Dominican Rep.",Mexico,6,5,0,0,0,0,0,,0
2012,Ecuador,Mexico,0,5,0,0,0,0,0,,0
2012,Guatemala,Mexico,312,29,0,0,0,0,0,,0
2012,Haiti,Mexico,173,15,0,0,0,0,0,,0
2012,Honduras,Mexico,157,78,0,0,0,0,0,,0
2012,Nicaragua,Mexico,14,5,0,0,0,0,0,,0
2012,Peru,Mexico,10,5,0,0,0,0,0,,0
2012,"El Salvador",Mexico,324,65,0,0,0,0,0,,0
2012,"United States of America",Mexico,0,5,0,0,0,0,0,,0
2012,"Venezuela (Bolivarian Republic of)",Mexico,9,5,0,0,0,0,0,,0
2012,Colombia,Nicaragua,8,0,0,0,0,0,0,,0
2012,Cuba,Nicaragua,6,0,0,0,0,0,0,,0
2012,Guatemala,Nicaragua,8,0,0,0,0,0,0,,0
2012,Honduras,Nicaragua,33,0,0,0,0,0,0,,0
2012,"El Salvador",Nicaragua,69,5,0,0,0,0,0,,0
2012,Colombia,Panama,15723,85,0,0,0,0,0,,0
2012,Cuba,Panama,1114,8,0,0,0,0,0,,0
2012,"Dominican Rep.",Panama,5,7,0,0,0,0,0,,0
2012,Guatemala,Panama,12,5,0,0,0,0,0,,0
2012,Haiti,Panama,17,5,0,0,0,0,0,,0
2012,Mexico,Panama,5,0,0,0,0,0,0,,0
2012,Nicaragua,Panama,173,12,0,0,0,0,0,,0
2012,Peru,Panama,23,0,0,0,0,0,0,,0
2012,"El Salvador",Panama,269,18,0,0,0,0,0,,0
2012,"Venezuela (Bolivarian Republic of)",Panama,18,0,0,0,0,0,0,,0
2012,"Bolivia (Plurinational State of)",Paraguay,13,0,0,0,0,0,0,,0
2012,Colombia,Paraguay,40,0,0,0,0,0,0,,0
2012,Cuba,Paraguay,56,5,0,0,0,0,0,,0
2012,"Bolivia (Plurinational State of)",Peru,7,5,0,0,0,0,0,,0
2012,Colombia,Peru,413,210,0,0,0,0,0,,0
2012,Cuba,Peru,469,41,0,0,0,0,0,,0
2012,"Dominican Rep.",Peru,0,11,0,0,0,0,0,,0
2012,Ecuador,Peru,5,5,0,0,0,0,0,,0
2012,Haiti,Peru,16,145,0,0,0,0,0,,0
2012,"El Salvador",Peru,0,5,0,0,0,0,0,,0
2012,"Venezuela (Bolivarian Republic of)",Peru,13,6,0,0,0,0,0,,0
2012,Colombia,"El Salvador",5,0,0,0,0,0,0,,0
2012,Honduras,"El Salvador",13,0,0,0,0,0,0,,0
2012,Nicaragua,"El Salvador",25,0,0,0,0,0,0,,0
2012,Cuba,"Turks and Caicos Islands",0,21,0,0,0,0,0,,0
2012,Colombia,"Trinidad and Tobago",8,0,0,0,0,0,0,,0
2012,Argentina,Uruguay,0,5,0,0,0,0,0,,0
2012,Brazil,Uruguay,0,5,0,0,0,0,0,,0
2012,Colombia,Uruguay,94,20,0,0,0,0,0,,0
2012,Cuba,Uruguay,6,0,0,0,0,0,0,,0
2012,Ecuador,Uruguay,7,0,0,0,0,0,0,,0
2012,Peru,Uruguay,7,0,0,0,0,0,0,,0
2012,"El Salvador",Uruguay,0,5,0,0,0,0,0,,0
2012,"Antigua and Barbuda","United States of America",5,0,0,0,0,0,0,,0
2012,Argentina,"United States of America",123,7,0,0,0,0,0,,0
2012,Bahamas,"United States of America",180,0,0,0,0,0,0,,0
2012,"Bolivia (Plurinational State of)","United States of America",137,26,0,0,0,0,0,,0
2012,Brazil,"United States of America",679,110,0,0,0,0,0,,0
2012,Belize,"United States of America",29,5,0,0,0,0,0,,0
2012,Canada,"United States of America",58,0,0,0,0,0,0,,0
2012,Chile,"United States of America",69,5,0,0,0,0,0,,0
2012,Colombia,"United States of America",17766,178,0,0,0,0,0,,0
2012,"Costa Rica","United States of America",20,5,0,0,0,0,0,,0
2012,Cuba,"United States of America",677,22,0,0,0,0,0,,0
2012,Dominica,"United States of America",11,0,0,0,0,0,0,,0
2012,"Dominican Rep.","United States of America",60,18,0,0,0,0,0,,0
2012,Ecuador,"United States of America",185,418,0,0,0,0,0,,0
2012,Grenada,"United States of America",19,16,0,0,0,0,0,,0
2012,Guatemala,"United States of America",5174,932,0,0,0,0,0,,0
2012,Guyana,"United States of America",145,8,0,0,0,0,0,,0
2012,Haiti,"United States of America",26849,304,0,0,0,0,0,,0
2012,Honduras,"United States of America",1674,211,0,0,0,0,0,,0
2012,Jamaica,"United States of America",340,40,0,0,0,0,0,,0
2012,"Saint Lucia","United States of America",11,0,0,0,0,0,0,,0
2012,Mexico,"United States of America",2352,2169,0,0,0,0,0,,0
2012,Nicaragua,"United States of America",424,18,0,0,0,0,0,,0
2012,Panama,"United States of America",32,5,0,0,0,0,0,,0
2012,Paraguay,"United States of America",28,0,0,0,0,0,0,,0
2012,Peru,"United States of America",1091,55,0,0,0,0,0,,0
2012,"El Salvador","United States of America",6037,639,0,0,0,0,0,,0
2012,Suriname,"United States of America",5,0,0,0,0,0,0,,0
2012,"Turks and Caicos Islands","United States of America",14,0,0,0,0,0,0,,0
2012,"Trinidad and Tobago","United States of America",62,22,0,0,0,0,0,,0
2012,Uruguay,"United States of America",15,5,0,0,0,0,0,,0
2012,"Saint Vincent and the Grenadines","United States of America",5,0,0,0,0,0,0,,0
2012,"Venezuela (Bolivarian Republic of)","United States of America",6995,223,0,0,0,0,0,,0
2012,"Bolivia (Plurinational State of)","Venezuela (Bolivarian Republic of)",0,5,0,0,0,0,0,,0
2012,Colombia,"Venezuela (Bolivarian Republic of)",203563,750,0,0,0,0,0,,0
2012,Cuba,"Venezuela (Bolivarian Republic of)",0,14,0,0,0,0,0,,0
2012,Ecuador,"Venezuela (Bolivarian Republic of)",5,13,0,0,0,0,0,,0
2012,Guatemala,"Venezuela (Bolivarian Republic of)",5,0,0,0,0,0,0,,0
2012,Haiti,"Venezuela (Bolivarian Republic of)",15,8,0,0,0,0,0,,0
2012,Nicaragua,"Venezuela (Bolivarian Republic of)",5,0,0,0,0,0,0,,0
2012,Peru,"Venezuela (Bolivarian Republic of)",7,15,0,0,0,0,0,,0
2012,Colombia,Aruba,0,5,0,0,0,0,0,,0
2012,Colombia,"Curacao ",6,0,0,0,0,0,0,,0
2012,Cuba,"Curacao ",0,24,0,0,0,0,0,,0
2012,Jamaica,"Curacao ",7,0,0,0,0,0,0,,0
2012,Cuba,"Sint Maarten (Dutch part)",0,5,0,0,0,0,0,,0
2013,"Bolivia (Plurinational State of)",Argentina,5,0,0,0,0,0,0,,0
2013,Chile,Argentina,36,6,0,0,0,0,0,,0
2013,Colombia,Argentina,526,302,0,0,0,0,0,,0
2013,"Costa Rica",Argentina,5,0,0,0,0,0,0,,0
2013,Cuba,Argentina,345,93,0,0,0,0,0,,0
2013,"Dominican Rep.",Argentina,0,74,0,0,0,0,0,,0
2013,Ecuador,Argentina,15,0,0,0,0,0,0,,0
2013,Haiti,Argentina,62,47,0,0,0,0,0,,0
2013,Honduras,Argentina,5,7,0,0,0,0,0,,0
2013,Mexico,Argentina,0,5,0,0,0,0,0,,0
2013,Paraguay,Argentina,5,14,0,0,0,0,0,,0
2013,Peru,Argentina,582,28,0,0,0,0,0,,0
2013,"El Salvador",Argentina,13,6,0,0,0,0,0,,0
2013,"United States of America",Argentina,5,0,0,0,0,0,0,,0
2013,"Venezuela (Bolivarian Republic of)",Argentina,0,5,0,0,0,0,0,,0
2013,Cuba,Bahamas,14,8,0,0,0,0,0,,0
2013,Haiti,Bahamas,0,5,0,0,0,0,0,,0
2013,Colombia,"Bolivia (Plurinational State of)",178,5,0,0,0,0,0,,0
2013,Cuba,"Bolivia (Plurinational State of)",9,0,0,0,0,0,0,,0
2013,Peru,"Bolivia (Plurinational State of)",513,0,0,0,0,0,0,,0
2013,Argentina,Brazil,11,0,0,0,0,0,0,,0
2013,"Bolivia (Plurinational State of)",Brazil,143,9,0,0,0,0,0,,0
2013,Chile,Brazil,21,0,0,0,0,0,0,,0
2013,Colombia,Brazil,1147,110,13,0,0,0,0,,0
2013,Cuba,Brazil,135,74,0,0,0,0,0,,0
2013,"Dominican Rep.",Brazil,0,111,0,0,0,0,0,,0
2013,Ecuador,Brazil,57,14,0,0,0,0,0,,0
2013,Haiti,Brazil,5,0,0,0,0,0,12318,,0
2013,Mexico,Brazil,0,5,0,0,0,0,0,,0
2013,Paraguay,Brazil,7,0,0,0,0,0,0,,0
2013,Peru,Brazil,45,10,0,0,0,0,0,,0
2013,"El Salvador",Brazil,5,0,0,0,0,0,0,,0
2013,"United States of America",Brazil,0,5,0,0,0,0,0,,0
2013,"Venezuela (Bolivarian Republic of)",Brazil,14,9,0,0,0,0,0,,0
2013,Guatemala,Belize,0,8,0,0,0,0,0,,0
2013,Honduras,Belize,0,8,0,0,0,0,0,,0
2013,"El Salvador",Belize,21,46,0,0,0,0,0,,0
2013,"Antigua and Barbuda",Canada,45,28,0,0,0,0,0,,0
2013,Argentina,Canada,239,11,0,0,0,0,0,,0
2013,Barbados,Canada,63,34,0,0,0,0,0,,0
2013,Bahamas,Canada,23,17,0,0,0,0,0,,0
2013,"Bolivia (Plurinational State of)",Canada,152,7,0,0,0,0,0,,0
2013,Brazil,Canada,177,25,0,0,0,0,0,,0
2013,Belize,Canada,7,0,0,0,0,0,0,,0
2013,Chile,Canada,130,13,0,0,0,0,0,,0
2013,Colombia,Canada,17381,806,0,0,0,0,0,,0
2013,"Costa Rica",Canada,267,8,0,0,0,0,0,,0
2013,Cuba,Canada,1674,147,0,0,0,0,0,,0
2013,Dominica,Canada,30,5,0,0,0,0,0,,0
2013,"Dominican Rep.",Canada,167,64,0,0,0,0,0,,0
2013,Ecuador,Canada,216,29,0,0,0,0,0,,0
2013,Grenada,Canada,304,21,0,0,0,0,0,,0
2013,Guatemala,Canada,864,153,0,0,0,0,0,,0
2013,Guyana,Canada,640,46,0,0,0,0,0,,0
2013,Haiti,Canada,7872,348,0,0,0,0,0,,0
2013,Honduras,Canada,679,234,0,0,0,0,0,,0
2013,Jamaica,Canada,621,233,0,0,0,0,0,,0
2013,"Saint Lucia",Canada,697,244,0,0,0,0,0,,0
2013,Mexico,Canada,6512,450,0,0,0,0,0,,0
2013,Nicaragua,Canada,132,14,0,0,0,0,0,,0
2013,Panama,Canada,48,10,0,0,0,0,0,,0
2013,Paraguay,Canada,47,0,0,0,0,0,0,,0
2013,Peru,Canada,1757,98,0,0,0,0,0,,0
2013,"El Salvador",Canada,1223,355,0,0,0,0,0,,0
2013,"Saint Kitts and Nevis",Canada,12,21,0,0,0,0,0,,0
2013,Suriname,Canada,8,0,0,0,0,0,0,,0
2013,"Turks and Caicos Islands",Canada,0,5,0,0,0,0,0,,0
2013,"Trinidad and Tobago",Canada,244,30,0,0,0,0,0,,0
2013,Uruguay,Canada,126,7,0,0,0,0,0,,0
2013,"United States of America",Canada,4451,205,0,0,0,0,0,,0
2013,"Saint Vincent and the Grenadines",Canada,1524,223,0,0,0,0,0,,0
2013,"Venezuela (Bolivarian Republic of)",Canada,837,105,0,0,0,0,0,,0
2013,Cuba,"Cayman Islands",0,5,0,0,0,0,0,,0
2013,Mexico,"Cayman Islands",5,0,0,0,0,0,0,,0
2013,"Bolivia (Plurinational State of)",Chile,0,11,0,0,0,0,0,,0
2013,Colombia,Chile,977,355,0,0,0,0,0,,0
2013,"Costa Rica",Chile,5,0,0,0,0,0,0,,0
2013,Cuba,Chile,18,20,0,0,0,0,0,,0
2013,Ecuador,Chile,18,0,0,0,0,0,0,,0
2013,Peru,Chile,118,5,0,0,0,0,0,,0
2013,"El Salvador",Chile,5,0,0,0,0,0,0,,0
2013,Colombia,Colombia,0,0,0,5368138,0,0,0,,0
2013,Cuba,Colombia,62,37,0,0,0,0,0,,0
2013,Ecuador,Colombia,8,5,0,0,0,0,0,,0
2013,Nicaragua,Colombia,24,0,0,0,0,0,0,,0
2013,Peru,Colombia,8,0,0,0,0,0,0,,0
2013,"El Salvador",Colombia,7,0,0,0,0,0,0,,0
2013,"Venezuela (Bolivarian Republic of)",Colombia,15,16,0,0,0,0,0,,0
2013,"Bolivia (Plurinational State of)","Costa Rica",8,0,0,0,0,0,0,,0
2013,Colombia,"Costa Rica",16586,309,0,0,0,0,0,,0
2013,Cuba,"Costa Rica",845,29,0,0,0,0,0,,0
2013,"Dominican Rep.","Costa Rica",6,0,0,0,0,0,0,,0
2013,Guatemala,"Costa Rica",43,7,0,0,0,0,0,,0
2013,Haiti,"Costa Rica",38,0,0,0,0,0,0,,0
2013,Honduras,"Costa Rica",57,75,0,0,0,0,0,,0
2013,Mexico,"Costa Rica",8,5,0,0,0,0,0,,0
2013,Nicaragua,"Costa Rica",601,0,0,0,0,0,0,,0
2013,Panama,"Costa Rica",18,0,0,0,0,0,0,,0
2013,Peru,"Costa Rica",228,0,0,0,0,0,0,,0
2013,"El Salvador","Costa Rica",148,110,0,0,0,0,0,,0
2013,"Venezuela (Bolivarian Republic of)","Costa Rica",221,18,0,0,0,0,0,,0
2013,Colombia,"Dominican Rep.",0,5,0,0,0,0,0,,0
2013,Cuba,"Dominican Rep.",0,16,0,0,0,0,0,,0
2013,Haiti,"Dominican Rep.",716,801,0,0,0,0,0,,0
2013,Brazil,Ecuador,5,0,0,0,0,0,0,,0
2013,Chile,Ecuador,5,0,0,0,0,0,0,,0
2013,Colombia,Ecuador,122359,11468,0,0,0,0,0,,0
2013,Cuba,Ecuador,228,16,0,0,0,0,0,,0
2013,"Dominican Rep.",Ecuador,5,0,0,0,0,0,0,,0
2013,Haiti,Ecuador,25,14,0,0,0,0,0,,0
2013,Peru,Ecuador,93,9,0,0,0,0,0,,0
2013,"El Salvador",Ecuador,5,0,0,0,0,0,0,,0
2013,"United States of America",Ecuador,6,0,0,0,0,0,0,,0
2013,"Venezuela (Bolivarian Republic of)",Ecuador,7,6,0,0,0,0,0,,0
2013,Colombia,Guatemala,6,0,0,0,0,0,0,,0
2013,Honduras,Guatemala,8,0,0,0,0,0,0,,0
2013,Nicaragua,Guatemala,104,0,0,0,0,0,0,,0
2013,"El Salvador",Guatemala,36,14,0,0,0,0,0,,0
2013,Cuba,Haiti,0,8,0,0,0,0,0,,0
2013,Colombia,Honduras,5,0,0,0,0,0,0,,0
2013,Haiti,Honduras,6,0,0,0,0,0,0,,0
2013,Nicaragua,Honduras,0,22,0,0,0,0,0,,0
2013,Haiti,Jamaica,18,0,0,0,0,0,0,,0
2013,Belize,Mexico,0,5,0,0,0,0,0,,0
2013,Colombia,Mexico,255,68,0,0,0,0,0,,0
2013,"Costa Rica",Mexico,0,5,0,0,0,0,0,,0
2013,Cuba,Mexico,43,116,0,0,0,0,0,,0
2013,"Dominican Rep.",Mexico,8,6,0,0,0,0,0,,0
2013,Ecuador,Mexico,0,8,0,0,0,0,0,,0
2013,Guatemala,Mexico,324,66,0,0,0,0,0,,0
2013,Haiti,Mexico,175,28,0,0,0,0,0,,0
2013,Honduras,Mexico,288,479,0,0,0,0,0,,0
2013,Nicaragua,Mexico,14,25,0,0,0,0,0,,0
2013,Peru,Mexico,10,5,0,0,0,0,0,,0
2013,"El Salvador",Mexico,418,274,0,0,0,0,0,,0
2013,"United States of America",Mexico,0,11,0,0,0,0,0,,0
2013,"Venezuela (Bolivarian Republic of)",Mexico,10,5,0,0,0,0,0,,0
2013,Colombia,Nicaragua,9,0,0,0,0,0,0,,0
2013,Cuba,Nicaragua,11,0,0,0,0,0,0,,0
2013,Guatemala,Nicaragua,8,0,0,0,0,0,0,,0
2013,Honduras,Nicaragua,54,0,0,0,0,0,0,,0
2013,"El Salvador",Nicaragua,102,15,0,0,0,0,0,,0
2013,Colombia,Panama,15957,288,0,0,0,0,0,,0
2013,Cuba,Panama,1116,35,0,0,0,0,0,,0
2013,"Dominican Rep.",Panama,5,6,0,0,0,0,0,,0
2013,Ecuador,Panama,0,5,0,0,0,0,0,,0
2013,Guatemala,Panama,12,5,0,0,0,0,0,,0
2013,Haiti,Panama,17,0,0,0,0,0,0,,0
2013,Mexico,Panama,5,0,0,0,0,0,0,,0
2013,Nicaragua,Panama,173,11,0,0,0,0,0,,0
2013,Peru,Panama,23,0,0,0,0,0,0,,0
2013,"El Salvador",Panama,269,21,0,0,0,0,0,,0
2013,"Venezuela (Bolivarian Republic of)",Panama,18,5,0,0,0,0,0,,0
2013,"Bolivia (Plurinational State of)",Paraguay,13,0,0,0,0,0,0,,0
2013,Colombia,Paraguay,40,0,0,0,0,0,0,,0
2013,Cuba,Paraguay,59,0,0,0,0,0,0,,0
2013,Argentina,Peru,0,8,0,0,0,0,0,,0
2013,"Bolivia (Plurinational State of)",Peru,7,0,0,0,0,0,0,,0
2013,Colombia,Peru,436,320,0,0,0,0,0,,0
2013,Cuba,Peru,480,19,0,0,0,0,0,,0
2013,"Dominican Rep.",Peru,0,27,0,0,0,0,0,,0
2013,Ecuador,Peru,5,7,0,0,0,0,0,,0
2013,Haiti,Peru,19,33,0,0,0,0,0,,0
2013,"El Salvador",Peru,0,6,0,0,0,0,0,,0
2013,"Venezuela (Bolivarian Republic of)",Peru,14,7,0,0,0,0,0,,0
2013,Colombia,"El Salvador",5,0,0,0,0,0,0,,0
2013,Honduras,"El Salvador",12,5,0,0,0,0,0,,0
2013,Nicaragua,"El Salvador",25,0,0,0,0,0,0,,0
2013,Cuba,"Turks and Caicos Islands",5,5,0,0,0,0,0,,0
2013,Colombia,"Trinidad and Tobago",5,0,0,0,0,0,0,,0
2013,Cuba,"Trinidad and Tobago",0,26,0,0,0,0,0,,0
2013,Mexico,"Trinidad and Tobago",0,6,0,0,0,0,0,,0
2013,Brazil,Uruguay,0,5,0,0,0,0,0,,0
2013,Colombia,Uruguay,115,16,0,0,0,0,0,,0
2013,Cuba,Uruguay,6,0,0,0,0,0,0,,0
2013,Ecuador,Uruguay,7,0,0,0,0,0,0,,0
2013,Peru,Uruguay,7,7,0,0,0,0,0,,0
2013,"El Salvador",Uruguay,0,5,0,0,0,0,0,,0
2013,"Antigua and Barbuda","United States of America",5,0,0,0,0,0,0,,0
2013,Argentina,"United States of America",105,46,0,0,0,0,0,,0
2013,Barbados,"United States of America",0,5,0,0,0,0,0,,0
2013,Bahamas,"United States of America",185,10,0,0,0,0,0,,0
2013,"Bolivia (Plurinational State of)","United States of America",123,89,0,0,0,0,0,,0
2013,Brazil,"United States of America",669,453,0,0,0,0,0,,0
2013,Belize,"United States of America",30,48,0,0,0,0,0,,0
2013,Canada,"United States of America",54,13,0,0,0,0,0,,0
2013,"Cayman Islands","United States of America",6,0,0,0,0,0,0,,0
2013,Chile,"United States of America",60,30,0,0,0,0,0,,0
2013,Colombia,"United States of America",13913,383,0,0,0,0,0,,0
2013,"Costa Rica","United States of America",181,442,0,0,0,0,0,,0
2013,Cuba,"United States of America",600,154,0,0,0,0,0,,0
2013,Dominica,"United States of America",11,5,0,0,0,0,0,,0
2013,"Dominican Rep.","United States of America",71,297,0,0,0,0,0,,0
2013,Ecuador,"United States of America",209,2248,0,0,0,0,0,,0
2013,Grenada,"United States of America",20,15,0,0,0,0,0,,0
2013,Guatemala,"United States of America",5292,8168,0,0,0,0,0,,0
2013,Guyana,"United States of America",141,60,0,0,0,0,0,,0
2013,Haiti,"United States of America",25891,2046,0,0,0,0,0,,0
2013,Honduras,"United States of America",2122,4436,0,0,0,0,0,,0
2013,Jamaica,"United States of America",380,255,0,0,0,0,0,,0
2013,"Saint Lucia","United States of America",9,5,0,0,0,0,0,,0
2013,Mexico,"United States of America",2795,11757,0,0,0,0,0,,0
2013,Nicaragua,"United States of America",436,419,0,0,0,0,0,,0
2013,Panama,"United States of America",33,17,0,0,0,0,0,,0
2013,Paraguay,"United States of America",27,14,0,0,0,0,0,,0
2013,Peru,"United States of America",932,430,0,0,0,0,0,,0
2013,"El Salvador","United States of America",7208,10289,0,0,0,0,0,,0
2013,Suriname,"United States of America",9,0,0,0,0,0,0,,0
2013,"Turks and Caicos Islands","United States of America",15,0,0,0,0,0,0,,0
2013,"Trinidad and Tobago","United States of America",63,68,0,0,0,0,0,,0
2013,Uruguay,"United States of America",13,15,0,0,0,0,0,,0
2013,"Saint Vincent and the Grenadines","United States of America",5,0,0,0,0,0,0,,0
2013,"Venezuela (Bolivarian Republic of)","United States of America",7156,904,0,0,0,0,0,,0
2013,"Curacao ","United States of America",35,59,0,0,0,0,0,,0
2013,"Bolivia (Plurinational State of)","Venezuela (Bolivarian Republic of)",0,5,0,0,0,0,0,,0
2013,Colombia,"Venezuela (Bolivarian Republic of)",204259,909,0,0,0,0,0,,0
2013,Cuba,"Venezuela (Bolivarian Republic of)",0,14,0,0,0,0,0,,0
2013,Ecuador,"Venezuela (Bolivarian Republic of)",5,13,0,0,0,0,0,,0
2013,Guatemala,"Venezuela (Bolivarian Republic of)",5,0,0,0,0,0,0,,0
2013,Haiti,"Venezuela (Bolivarian Republic of)",15,8,0,0,0,0,0,,0
2013,Nicaragua,"Venezuela (Bolivarian Republic of)",5,0,0,0,0,0,0,,0
2013,Peru,"Venezuela (Bolivarian Republic of)",7,14,0,0,0,0,0,,0
2013,Colombia,Aruba,0,5,0,0,0,0,0,,0
2013,Colombia,"Curacao ",6,14,0,0,0,0,0,,0
2013,Cuba,"Curacao ",0,31,0,0,0,0,0,,0
2013,Jamaica,"Curacao ",7,0,0,0,0,0,0,,0
2014,"Bolivia (Plurinational State of)",Argentina,5,0,0,0,0,0,0,,0
2014,Chile,Argentina,36,7,0,0,0,0,0,,0
2014,Colombia,Argentina,551,141,0,0,0,0,0,,0
2014,"Costa Rica",Argentina,5,0,0,0,0,0,0,,0
2014,Cuba,Argentina,342,142,0,0,0,0,0,,0
2014,"Dominican Rep.",Argentina,0,67,0,0,0,0,0,,0
2014,Ecuador,Argentina,16,0,0,0,0,0,0,,0
2014,Haiti,Argentina,66,49,0,0,0,0,0,,0
2014,Honduras,Argentina,5,0,0,0,0,0,0,,0
2014,Mexico,Argentina,0,5,0,0,0,0,0,,0
2014,Paraguay,Argentina,8,8,0,0,0,0,0,,0
2014,Peru,Argentina,582,27,0,0,0,0,0,,0
2014,"El Salvador",Argentina,13,5,0,0,0,0,0,,0
2014,"United States of America",Argentina,5,0,0,0,0,0,0,,0
2014,"Venezuela (Bolivarian Republic of)",Argentina,0,5,0,0,0,0,0,,0
2014,Cuba,Bahamas,12,9,0,0,0,0,75,,0
2014,Haiti,Bahamas,0,5,0,0,0,0,0,,0
2014,Chile,"Bolivia (Plurinational State of)",8,0,0,0,0,0,0,,0
2014,Colombia,"Bolivia (Plurinational State of)",184,5,0,0,0,0,0,,0
2014,Cuba,"Bolivia (Plurinational State of)",9,0,0,0,0,0,0,,0
2014,Ecuador,"Bolivia (Plurinational State of)",5,0,0,0,0,0,0,,0
2014,Peru,"Bolivia (Plurinational State of)",513,0,0,0,0,0,0,,0
2014,Argentina,Brazil,11,0,0,0,0,0,0,,0
2014,"Bolivia (Plurinational State of)",Brazil,145,8,0,0,0,0,0,,0
2014,Chile,Brazil,21,0,0,0,0,0,0,,0
2014,Colombia,Brazil,1200,171,0,0,0,0,0,,0
2014,Cuba,Brazil,135,232,0,0,0,0,0,,0
2014,"Dominican Rep.",Brazil,0,379,0,0,0,0,0,,0
2014,Ecuador,Brazil,57,16,0,0,0,0,0,,0
2014,Guyana,Brazil,0,5,0,0,0,0,0,,0
2014,Haiti,Brazil,5,0,0,0,0,0,29238,,0
2014,Mexico,Brazil,0,5,0,0,0,0,0,,0
2014,Paraguay,Brazil,7,0,0,0,0,0,0,,0
2014,Peru,Brazil,45,17,0,0,0,0,0,,0
2014,"El Salvador",Brazil,6,7,0,0,0,0,0,,0
2014,"United States of America",Brazil,0,5,0,0,0,0,0,,0
2014,"Venezuela (Bolivarian Republic of)",Brazil,14,130,0,0,0,0,0,,0
2014,Guatemala,Belize,0,12,0,0,0,0,0,,0
2014,"El Salvador",Belize,10,102,0,0,0,0,0,,0
2014,"Antigua and Barbuda",Canada,48,6,0,0,0,0,0,,0
2014,Argentina,Canada,191,5,0,0,0,0,0,,0
2014,Barbados,Canada,82,7,0,0,0,0,0,,0
2014,Bahamas,Canada,26,13,0,0,0,0,0,,0
2014,"Bolivia (Plurinational State of)",Canada,126,5,0,0,0,0,0,,0
2014,Brazil,Canada,172,7,0,0,0,0,0,,0
2014,Belize,Canada,9,0,0,0,0,0,0,,0
2014,Chile,Canada,124,0,0,0,0,0,0,,0
2014,Colombia,Canada,16428,274,0,0,0,0,0,,0
2014,"Costa Rica",Canada,229,0,0,0,0,0,0,,0
2014,Cuba,Canada,1618,82,0,0,0,0,0,,0
2014,Dominica,Canada,23,0,0,0,0,0,0,,0
2014,"Dominican Rep.",Canada,169,18,0,0,0,0,0,,0
2014,Ecuador,Canada,208,14,0,0,0,0,0,,0
2014,Grenada,Canada,294,5,0,0,0,0,0,,0
2014,Guatemala,Canada,907,34,0,0,0,0,0,,0
2014,Guyana,Canada,563,5,0,0,0,0,0,,0
2014,Haiti,Canada,8422,205,0,0,0,0,0,,0
2014,Honduras,Canada,808,74,0,0,0,0,0,,0
2014,Jamaica,Canada,733,78,0,0,0,0,0,,0
2014,"Saint Lucia",Canada,906,18,0,0,0,0,0,,0
2014,Mexico,Canada,6762,15,0,0,0,0,0,,0
2014,Nicaragua,Canada,141,0,0,0,0,0,0,,0
2014,Panama,Canada,40,6,0,0,0,0,0,,0
2014,Paraguay,Canada,43,0,0,0,0,0,0,,0
2014,Peru,Canada,1505,5,0,0,0,0,0,,0
2014,"El Salvador",Canada,1301,65,0,0,0,0,0,,0
2014,"Saint Kitts and Nevis",Canada,15,7,0,0,0,0,0,,0
2014,Suriname,Canada,8,0,0,0,0,0,0,,0
2014,"Trinidad and Tobago",Canada,264,17,0,0,0,0,0,,0
2014,Uruguay,Canada,106,0,0,0,0,0,0,,0
2014,"United States of America",Canada,4687,59,0,0,0,0,0,,0
2014,"Saint Vincent and the Grenadines",Canada,1723,33,0,0,0,0,0,,0
2014,"Venezuela (Bolivarian Republic of)",Canada,849,92,0,0,0,0,0,,0
2014,Cuba,"Cayman Islands",0,0,0,0,0,0,45,,0
2014,Mexico,"Cayman Islands",5,0,0,0,0,0,0,,0
2014,"Bolivia (Plurinational State of)",Chile,0,9,0,0,0,0,0,,0
2014,Colombia,Chile,996,469,0,0,0,0,0,,0
2014,"Costa Rica",Chile,5,0,0,0,0,0,0,,0
2014,Cuba,Chile,18,20,0,0,0,0,0,,0
2014,"Dominican Rep.",Chile,0,5,0,0,0,0,0,,0
2014,Ecuador,Chile,18,0,0,0,0,0,0,,0
2014,Honduras,Chile,0,5,0,0,0,0,0,,0
2014,Peru,Chile,118,5,0,0,0,0,0,,0
2014,"El Salvador",Chile,5,5,0,0,0,0,0,,0
2014,"Venezuela (Bolivarian Republic of)",Chile,0,5,0,0,0,0,0,,0
2014,"Bolivia (Plurinational State of)",Colombia,5,0,0,0,0,0,0,,0
2014,Colombia,Colombia,0,0,0,6044151,0,0,0,,0
2014,Cuba,Colombia,62,84,0,0,0,0,0,,0
2014,Ecuador,Colombia,9,0,0,0,0,0,0,,0
2014,Nicaragua,Colombia,14,0,0,0,0,0,0,,0
2014,Peru,Colombia,6,0,0,0,0,0,0,,0
2014,"El Salvador",Colombia,7,0,0,0,0,0,0,,0
2014,"Venezuela (Bolivarian Republic of)",Colombia,27,43,0,0,0,0,0,,0
2014,"Bolivia (Plurinational State of)","Costa Rica",8,0,0,0,0,0,0,,0
2014,Colombia,"Costa Rica",16623,208,0,0,0,0,0,,0
2014,Cuba,"Costa Rica",858,104,0,0,0,0,0,,0
2014,"Dominican Rep.","Costa Rica",6,5,0,0,0,0,0,,0
2014,Ecuador,"Costa Rica",0,5,0,0,0,0,0,,0
2014,Guatemala,"Costa Rica",49,11,0,0,0,0,0,,0
2014,Haiti,"Costa Rica",38,9,0,0,0,0,0,,0
2014,Honduras,"Costa Rica",73,100,0,0,0,0,0,,0
2014,Mexico,"Costa Rica",8,5,0,0,0,0,0,,0
2014,Nicaragua,"Costa Rica",605,5,0,0,0,0,0,,0
2014,Panama,"Costa Rica",18,0,0,0,0,0,0,,0
2014,Peru,"Costa Rica",228,0,0,0,0,0,0,,0
2014,"El Salvador","Costa Rica",222,256,0,0,0,0,0,,0
2014,"Venezuela (Bolivarian Republic of)","Costa Rica",234,72,0,0,0,0,0,,0
2014,Cuba,"Dominican Rep.",0,16,0,0,0,0,0,,0
2014,Haiti,"Dominican Rep.",603,722,0,0,0,0,0,,0
2014,Brazil,Ecuador,5,0,0,0,0,0,0,,0
2014,Chile,Ecuador,5,0,0,0,0,0,0,,0
2014,Colombia,Ecuador,121317,0,5,0,0,0,0,,0
2014,Cuba,Ecuador,229,0,0,0,0,0,0,,0
2014,"Dominican Rep.",Ecuador,5,0,0,0,0,0,0,,0
2014,Haiti,Ecuador,22,0,0,0,0,0,0,,0
2014,Peru,Ecuador,93,0,0,0,0,0,0,,0
2014,"United States of America",Ecuador,6,0,0,0,0,0,0,,0
2014,"Venezuela (Bolivarian Republic of)",Ecuador,7,0,0,0,0,0,0,,0
2014,Colombia,Guatemala,6,0,0,0,0,0,0,,0
2014,Cuba,Guatemala,0,31,0,0,0,0,0,,0
2014,Honduras,Guatemala,17,11,0,0,0,0,0,,0
2014,Nicaragua,Guatemala,100,0,0,0,0,0,0,,0
2014,"El Salvador",Guatemala,37,47,5,0,0,0,0,,0
2014,Colombia,Honduras,5,0,0,0,0,0,0,,0
2014,Haiti,Honduras,6,0,0,0,0,0,0,,0
2014,Nicaragua,Honduras,7,14,0,0,0,0,0,,0
2014,"El Salvador",Honduras,5,0,0,0,0,0,0,,0
2014,Haiti,Jamaica,18,0,0,0,0,0,0,,0
2014,Belize,Mexico,0,5,0,0,0,0,0,,0
2014,Colombia,Mexico,255,79,0,0,0,0,0,,0
2014,"Costa Rica",Mexico,0,5,0,0,0,0,0,,0
2014,Cuba,Mexico,43,197,0,0,0,0,0,,0
2014,"Dominican Rep.",Mexico,8,11,0,0,0,0,0,,0
2014,Ecuador,Mexico,0,9,0,0,0,0,0,,0
2014,Guatemala,Mexico,324,118,0,0,0,0,0,,0
2014,Haiti,Mexico,175,52,0,0,0,0,0,,0
2014,Honduras,Mexico,288,1247,0,0,0,0,0,,0
2014,Nicaragua,Mexico,14,49,0,0,0,0,0,,0
2014,Peru,Mexico,10,0,0,0,0,0,0,,0
2014,"El Salvador",Mexico,418,692,0,0,0,0,0,,0
2014,"United States of America",Mexico,0,16,0,0,0,0,0,,0
2014,"Venezuela (Bolivarian Republic of)",Mexico,10,45,0,0,0,0,0,,0
2014,Colombia,Nicaragua,10,0,0,0,0,0,0,,0
2014,Cuba,Nicaragua,16,0,0,0,0,0,0,,0
2014,Guatemala,Nicaragua,12,0,0,0,0,0,0,,0
2014,Honduras,Nicaragua,58,11,0,0,0,0,0,,0
2014,"El Salvador",Nicaragua,177,46,0,0,0,0,0,,0
2014,Colombia,Panama,15551,795,0,0,0,0,0,,0
2014,Cuba,Panama,1118,181,0,0,0,0,0,,0
2014,"Dominican Rep.",Panama,5,6,0,0,0,0,0,,0
2014,Ecuador,Panama,0,5,0,0,0,0,0,,0
2014,Guatemala,Panama,12,5,0,0,0,0,0,,0
2014,Haiti,Panama,16,0,0,0,0,0,0,,0
2014,Mexico,Panama,5,0,0,0,0,0,0,,0
2014,Nicaragua,Panama,173,28,0,0,0,0,0,,0
2014,Peru,Panama,23,0,0,0,0,0,0,,0
2014,"El Salvador",Panama,271,64,0,0,0,0,0,,0
2014,"Venezuela (Bolivarian Republic of)",Panama,27,76,0,0,0,0,0,,0
2014,"Bolivia (Plurinational State of)",Paraguay,17,0,0,0,0,0,0,,0
2014,Colombia,Paraguay,39,0,0,0,0,0,0,,0
2014,Cuba,Paraguay,66,0,0,0,0,0,0,,0
2014,"Bolivia (Plurinational State of)",Peru,7,0,0,0,0,0,0,,0
2014,Colombia,Peru,507,199,0,0,0,0,0,,0
2014,Cuba,Peru,501,15,0,0,0,0,0,,0
2014,"Dominican Rep.",Peru,5,14,0,0,0,0,0,,0
2014,Ecuador,Peru,5,0,0,0,0,0,0,,0
2014,Haiti,Peru,24,42,0,0,0,0,0,,0
2014,"El Salvador",Peru,5,5,0,0,0,0,0,,0
2014,"Venezuela (Bolivarian Republic of)",Peru,17,53,0,0,0,0,0,,0
2014,Colombia,"El Salvador",5,0,0,0,0,0,0,,0
2014,Honduras,"El Salvador",14,0,0,0,0,0,0,,0
2014,Mexico,"El Salvador",5,0,0,0,0,0,0,,0
2014,Nicaragua,"El Salvador",9,0,0,0,0,0,0,,0
2014,Cuba,"Turks and Caicos Islands",5,5,0,0,0,0,0,,0
2014,Colombia,"Trinidad and Tobago",8,6,0,0,0,0,0,,0
2014,Cuba,"Trinidad and Tobago",36,42,0,0,0,0,0,,0
2014,Mexico,"Trinidad and Tobago",6,0,0,0,0,0,0,,0
2014,Colombia,Uruguay,130,7,0,0,0,0,0,,0
2014,Cuba,Uruguay,6,0,0,0,0,0,0,,0
2014,Ecuador,Uruguay,7,0,0,0,0,0,0,,0
2014,Mexico,Uruguay,0,5,0,0,0,0,0,,0
2014,Peru,Uruguay,8,0,0,0,0,0,0,,0
2014,"El Salvador",Uruguay,0,5,0,0,0,0,0,,0
2014,"Antigua and Barbuda","United States of America",5,9,0,0,0,0,0,,0
2014,Argentina,"United States of America",85,87,0,0,0,0,0,,0
2014,Barbados,"United States of America",0,5,0,0,0,0,0,,0
2014,Bahamas,"United States of America",185,22,0,0,0,0,0,,0
2014,"Bolivia (Plurinational State of)","United States of America",118,177,0,0,0,0,0,,0
2014,Brazil,"United States of America",656,1090,0,0,0,0,0,,0
2014,Belize,"United States of America",33,78,0,0,0,0,0,,0
2014,Canada,"United States of America",49,41,0,0,0,0,0,,0
2014,"Cayman Islands","United States of America",6,0,0,0,0,0,0,,0
2014,Chile,"United States of America",42,59,0,0,0,0,0,,0
2014,Colombia,"United States of America",10552,1744,0,0,0,0,0,,0
2014,"Costa Rica","United States of America",175,115,0,0,0,0,0,,0
2014,Cuba,"United States of America",578,235,0,0,0,0,0,,0
2014,Dominica,"United States of America",12,13,0,0,0,0,0,,0
2014,"Dominican Rep.","United States of America",100,406,0,0,0,0,0,,0
2014,Ecuador,"United States of America",334,6889,0,0,0,0,0,,0
2014,Grenada,"United States of America",23,37,0,0,0,0,0,,0
2014,Guatemala,"United States of America",6098,15591,0,0,0,0,0,,0
2014,Guyana,"United States of America",116,119,0,0,0,0,0,,0
2014,Haiti,"United States of America",24170,3426,0,0,0,0,0,,0
2014,Honduras,"United States of America",2797,8612,0,0,0,0,0,,0
2014,Jamaica,"United States of America",454,354,0,0,0,0,0,,0
2014,"Saint Lucia","United States of America",9,6,0,0,0,0,0,,0
2014,Mexico,"United States of America",3807,29255,0,0,0,0,0,,0
2014,Nicaragua,"United States of America",495,586,0,0,0,0,0,,0
2014,Panama,"United States of America",25,22,0,0,0,0,0,,0
2014,Paraguay,"United States of America",24,26,0,0,0,0,0,,0
2014,Peru,"United States of America",773,855,0,0,0,0,0,,0
2014,"El Salvador","United States of America",8256,16424,0,0,0,0,0,,0
2014,"Saint Kitts and Nevis","United States of America",5,0,0,0,0,0,0,,0
2014,Suriname,"United States of America",9,12,0,0,0,0,0,,0
2014,"Turks and Caicos Islands","United States of America",15,0,0,0,0,0,0,,0
2014,"Trinidad and Tobago","United States of America",62,122,0,0,0,0,0,,0
2014,Uruguay,"United States of America",8,42,0,0,0,0,0,,0
2014,"Saint Vincent and the Grenadines","United States of America",5,5,0,0,0,0,0,,0
2014,"Venezuela (Bolivarian Republic of)","United States of America",6693,4017,0,0,0,0,0,,0
2014,Guadeloupe,"United States of America",0,12,0,0,0,0,0,,0
2014,"Curacao ","United States of America",35,0,0,0,0,0,0,,0
2014,"Bolivia (Plurinational State of)","Venezuela (Bolivarian Republic of)",0,5,0,0,0,0,0,,0
2014,Chile,"Venezuela (Bolivarian Republic of)",5,5,0,0,0,0,0,,0
2014,Colombia,"Venezuela (Bolivarian Republic of)",173519,251,0,0,0,0,0,,0
2014,Cuba,"Venezuela (Bolivarian Republic of)",0,14,0,0,0,0,0,,0
2014,Ecuador,"Venezuela (Bolivarian Republic of)",5,13,0,0,0,0,0,,0
2014,Guatemala,"Venezuela (Bolivarian Republic of)",5,0,0,0,0,0,0,,0
2014,Haiti,"Venezuela (Bolivarian Republic of)",15,8,0,0,0,0,0,,0
2014,Nicaragua,"Venezuela (Bolivarian Republic of)",5,0,0,0,0,0,0,,0
2014,Peru,"Venezuela (Bolivarian Republic of)",7,14,0,0,0,0,0,,0
2014,Colombia,Aruba,0,5,0,0,0,0,0,,0
2014,Colombia,"Curacao ",27,13,0,0,0,0,0,,0
2014,Cuba,"Curacao ",0,27,0,0,0,0,0,,0
2014,Jamaica,"Curacao ",7,0,0,0,0,0,0,,0
2014,Cuba,"Sint Maarten (Dutch part)",0,5,0,0,0,0,0,,0
